{
  "version": 3.0,
  "createdon": "2025-09-12T09:28:56",
  "nL": 6,
  "width": 2464,
  "height": 2056,
  "mmperpixel": 0.0068198903326,
  "magnification": 1.01174647443,
  "darkthresh": 0,
  "lightthresh": 1,
  "black": [
    0.205734759569,
    0.209167182446,
    0.208025485277,
    0.208541274071,
    0.208192631602,
    0.202587947249
  ],
  "white": [
    0.85559117794,
    0.82818543911,
    0.871144592762,
    0.885833323002,
    0.872971355915,
    0.861602246761
  ],
  "parameters": {
    "datafactor": 5000,
    "fov": 8.15625,
    "modelsize": 2,
    "radiusbias": -0.0470295340323,
    "version": 2014
  },
  "linfit": {
    "rows": 6,
    "cols": 18,
    "values": [
      -0.169957716868,
      0.00649235664447,
      0.0734179030923,
      -0.142986303141,
      0.00883804910932,
      0.0879888920112,
      -0.155770370131,
      -0.00715478301567,
      0.0899518489085,
      0.154109120115,
      -0.0562235581574,
      0.107549355275,
      0.251531479236,
      0.0109135974822,
      0.166902714995,
      0.185282900905,
      0.0764835904016,
      0.087849820841,
      0.202721386897,
      0.0137305658716,
      -0.0241400738726,
      0.00832221976536,
      -0.399951990451,
      -0.0310858381711,
      -0.234498183195,
      0.0235396477084,
      0.0037263674449,
      -0.209043535093,
      0.0248323463211,
      -0.0956191173365,
      -0.021228498584,
      0.301995283513,
      0.00433028948728,
      0.198727506224,
      0.00107302372177,
      0.0882139587943,
      -0.0685266269597,
      0.175858356094,
      0.0657895973508,
      0.00471139208709,
      -0.00298767953844,
      0.050942771842,
      -0.0173867172298,
      -0.18392525944,
      0.103338438846,
      0.05891167917,
      -0.207077944699,
      0.140859488072,
      0.0969335813972,
      -0.0214962530281,
      0.0416737821211,
      0.0966155971606,
      0.214718386751,
      0.0822893076108,
      -0.296725286679,
      -0.058352646425,
      -0.0305330991783,
      -0.183070741902,
      0.0036822971162,
      -0.0616091244406,
      -0.303602919732,
      0.0664088450243,
      -0.0300077675781,
      -0.308843911264,
      -0.0778383045391,
      0.0319571356622,
      -0.193942562494,
      0.00559161668052,
      0.0472935263695,
      -0.312113556174,
      0.0580403151843,
      0.0157091903947,
      -0.100393017936,
      -0.253031554752,
      0.0485940377393,
      0.0125266628193,
      -0.314574998669,
      0.000102455140934,
      0.0835223876288,
      -0.258259951719,
      -0.0605278911706,
      -0.108688364577,
      -0.256910031673,
      -0.0490187345635,
      -0.00939392453301,
      -0.353984593859,
      -0.00327042408303,
      0.108439575983,
      -0.236115262689,
      0.044569030751,
      0.203493412943,
      -0.33613014823,
      0.550872803466,
      0.369958402982,
      0.00370454020421,
      0.529657088382,
      0.205050948941,
      0.341210876258,
      0.548495505161,
      -0.220731611878,
      0.353540971445,
      0.562479027273,
      -0.414986145082,
      0.00303076770241,
      0.563512988475,
      -0.191713821664,
      -0.360144208841,
      0.552631114372
    ]
  },
  "quadfit": {
    "rows": 6,
    "cols": 60,
    "values": [
      0.0334862628277,
      0.0633438086323,
      -0.0707557863053,
      -0.0334862628277,
      0.0334347300136,
      -0.340869429377,
      -0.103806155357,
      -0.012159192936,
      0.356891646266,
      0.00385164417998,
      -0.127348532048,
      -0.007889066223,
      -0.139618385535,
      0.127348532048,
      0.00273091108313,
      -0.411916637916,
      -0.0345695027796,
      0.00246493638732,
      0.615206003394,
      -0.14081054685,
      0.0374929150445,
      -0.0778605861388,
      -0.0582751613714,
      -0.0374929150445,
      -0.0366467392371,
      -0.328463906857,
      -0.103734860283,
      0.0130231329323,
      0.377500877349,
      -0.0063913321787,
      0.0460987189172,
      0.0730353286748,
      0.0751358781226,
      -0.0460987189172,
      -0.0605468761265,
      -0.217500518948,
      0.0760056731103,
      -0.00719626672848,
      0.202467882343,
      0.073448633824,
      -0.123546628343,
      0.00468862484513,
      0.200663702419,
      0.123546628343,
      0.000893345262865,
      -0.358519647295,
      0.076089611399,
      0.00784550266657,
      0.567418344784,
      -0.0778074491479,
      0.0412159603632,
      -0.0665634816726,
      0.0662965686164,
      -0.0412159603632,
      0.0540078015767,
      -0.237754687647,
      0.113625758797,
      0.0328241308228,
      0.201890820478,
      0.0702410777481,
      -0.0110076830083,
      -0.063570531877,
      0.116258603223,
      0.0110076830083,
      -0.0623879324821,
      0.23511259851,
      0.0915774158814,
      0.0438487670358,
      -0.466541732392,
      0.195492596089,
      0.00484460899016,
      -0.0422177703175,
      0.00778194409723,
      -0.00484460899016,
      -0.126429530382,
      0.0454872240875,
      -0.000313032559896,
      -0.244303697538,
      -0.0219240561996,
      -0.0349950154405,
      -0.00210938851905,
      -0.0811582085653,
      -0.10235718338,
      0.00210938851905,
      -0.0290729585941,
      -0.168937922273,
      -0.130708964827,
      0.0228637550477,
      0.428439662775,
      -0.224159164664,
      -0.0282828964463,
      -0.0635839201198,
      -0.0876885919009,
      0.0282828964463,
      0.106846756905,
      0.061967840667,
      -0.133629341203,
      -0.0648235913604,
      -0.24709840859,
      0.080544564843,
      0.0121364009694,
      0.0204603393191,
      0.00110309280039,
      -0.0121364009694,
      0.0797293268233,
      -0.0468405099101,
      -0.0231651147465,
      0.208928067159,
      0.0237847695879,
      0.0137229378239,
      0.0363277887627,
      -0.0343905101358,
      0.0912826153162,
      -0.0363277887627,
      0.0850377424406,
      -0.0969992334792,
      0.11713172506,
      -0.0650335553644,
      0.249205852459,
      -0.0664634209188,
      0.0158000916511,
      0.0876456795084,
      -0.0615833631073,
      -0.0158000916511,
      0.0978756523623,
      -0.285916305632,
      -0.0119220679997,
      0.0896861743241,
      0.314774806335,
      -0.00843436361873,
      -0.0473298857028,
      -0.0107862397026,
      -0.0105719481762,
      0.0473298857028,
      -0.009237727331,
      -0.112416308373,
      0.000659010931568,
      0.00665815586929,
      0.0359554613508,
      0.0937699967311,
      0.054722084744,
      -0.125996157971,
      -0.0564660967352,
      -0.054722084744,
      -0.158848626135,
      -0.278564402857,
      0.0305933406686,
      -0.0385487567822,
      0.41514135176,
      -0.0564239315642,
      0.0642618015876,
      0.117026088179,
      0.0737254147077,
      -0.0642618015876,
      -0.173321305509,
      -0.26509702714,
      -0.0113814839269,
      -0.0527789442083,
      0.413550080504,
      -0.0349985213142,
      -0.0618374054856,
      0.0171479681877,
      0.0407183370845,
      0.0618374054856,
      -0.016310086176,
      -0.0804318792714,
      0.0615567849439,
      -0.00687723381747,
      -0.0488935874626,
      0.132679829372,
      0.0347527469562,
      -0.066829868708,
      0.0618654332336,
      -0.0347527469562,
      0.11824966598,
      -0.289818237982,
      0.0361691169966,
      0.110946926482,
      0.354027444536,
      -0.0240548709955,
      -0.0201799423995,
      0.0311480246418,
      -0.108688849817,
      0.0201799423995,
      0.00464705491558,
      0.107978871377,
      -0.0795233197944,
      -0.0575159824314,
      -0.00438428672026,
      -0.0884909608813,
      -0.0171718816767,
      -5.62395791438e-05,
      -0.10244940906,
      0.0171718816767,
      0.00129643390724,
      0.226287118537,
      0.0145030803119,
      0.00073577010934,
      -0.0523274484452,
      -0.149903090657,
      -0.0190482082575,
      -0.0318745347323,
      -0.112128933559,
      0.0190482082575,
